{
  "contacts": [
    {
      "fullname": "یونس قربانی",
      "photo": "https://toplearn.com/img/user/teachers/25033_1593aba2-5cb5-6add-a31f-39e35253dd2a_%DB%8C%D9%88%D9%86%D8%B3_%D9%82%D8%B1%D8%A8%D8%A7%D9%86%DB%8C.jpg",
      "mobile": "09101112200",
      "email": "yones@email.com",
      "job": "برنامه نویس",
      "group": "1",
      "id": 1
    },
    {
      "fullname": "ایمان مدائنی",
      "photo": "https://toplearn.com/img/user/teachers/2402cc6d-1d17-6a22-e6cc-39e3248f13a4_%D8%A7%DB%8C%D9%85%D8%A7%D9%86_%D9%85%D8%AF%D8%A7%D8%A6%D9%86%DB%8C9.jpg",
      "mobile": "09100002211",
      "email": "iman@email.com",
      "job": "برنامه نویس",
      "group": "5",
      "id": 2
    },
    {
      "fullname": "حسن خسروجردی",
      "photo": "https://toplearn.com/img/user/teachers/268_2b05b90b-7a78-4e35-058f-39e6b8cf2ac1_%D8%AD%D8%B3%D9%86%20_%D8%AE%D8%B3%D8%B1%D9%88%D8%AC%D8%B1%D8%AF%DB%8C.jpeg",
      "mobile": "09111110000",
      "email": "sajad@email.com",
      "job": "programmer",
      "group": "1",
      "id": 3
    },
    {
      "fullname": "محمد اردوخانی",
      "photo": "https://toplearn.com/img/user/teachers/5330_8314f4b2-34a0-8873-aaf8-39e35e71fa6b_%D9%85%D8%AD%D9%85%D8%AF_%D8%A7%D8%B1%D8%AF%D9%88%D8%AE%D8%A7%D9%86%DB%8C.png",
      "mobile": "091000000",
      "email": "mohammad@email.com",
      "job": "برنامه نویس",
      "group": "4",
      "id": 4
    }
  ],
  "groups": [
    {
      "id": "1",
      "name": "همکار"
    },
    {
      "id": "2",
      "name": "دوست"
    },
    {
      "id": "3",
      "name": "فامیل"
    },
    {
      "id": "4",
      "name": "سرویس"
    },
    {
      "id": "5",
      "name": "آشنا"
    }
  ]
}